{"stats":{"minecraft:dropped":{"minecraft:spruce_leaves":6,"minecraft:spruce_wood":4,"minecraft:firework_rocket":64},"minecraft:used":{"minecraft:oak_fence":2,"minecraft:purpur_block":42,"minecraft:petrified_oak_slab":6,"minecraft:enchanting_table":3,"minecraft:iron_bars":119,"minecraft:flint_and_steel":21,"minecraft:armor_stand":3,"minecraft:spruce_slab":39,"minecraft:redstone":1,"minecraft:poppy":1,"minecraft:oak_sign":1,"minecraft:spruce_planks":18,"minecraft:chest":3,"minecraft:stone":1980,"minecraft:quartz_stairs":6,"minecraft:netherrack":3,"minecraft:green_terracotta":1,"minecraft:spruce_leaves":1431957,"minecraft:soul_campfire":8,"minecraft:torch":4,"minecraft:dirt":4,"minecraft:spruce_stairs":132,"minecraft:orange_wool":182,"minecraft:light_gray_glazed_terracotta":25,"minecraft:acacia_button":1,"minecraft:granite":5,"minecraft:glass":133,"minecraft:stone_brick_slab":473,"minecraft:sea_lantern":7,"minecraft:lava_bucket":3,"minecraft:coal_ore":5,"minecraft:bookshelf":56,"minecraft:red_wool":31,"minecraft:quartz_slab":105,"minecraft:spruce_wood":490187,"minecraft:lantern":236,"minecraft:grass_block":19910,"minecraft:oak_stairs":1,"minecraft:polished_andesite_stairs":21,"minecraft:dark_oak_wood":11,"minecraft:smooth_quartz":98,"minecraft:dark_oak_button":3,"minecraft:stone_brick_stairs":339,"minecraft:stone_bricks":9944,"minecraft:blue_banner":32,"minecraft:bedrock":2,"minecraft:birch_button":6,"minecraft:glowstone":28,"minecraft:lime_concrete":36,"minecraft:brown_carpet":3,"minecraft:snow":1,"minecraft:hay_block":203,"minecraft:iron_trapdoor":13,"minecraft:lime_stained_glass":55,"minecraft:podzol":28,"minecraft:gold_block":20,"minecraft:skeleton_skull":20,"minecraft:cyan_banner":2,"minecraft:cooked_beef":2,"minecraft:mossy_stone_brick_wall":143,"minecraft:mossy_stone_bricks":270,"minecraft:water_bucket":220,"minecraft:diorite":14,"minecraft:iron_ore":5,"minecraft:spruce_door":11,"minecraft:birch_leaves":7,"minecraft:dark_oak_sign":3,"minecraft:polished_andesite":524,"minecraft:lime_wool":19,"minecraft:oak_planks":852,"minecraft:black_glazed_terracotta":19,"minecraft:redstone_block":299,"minecraft:spruce_sign":7,"minecraft:cobblestone_slab":24,"minecraft:gold_ore":4,"minecraft:cracked_stone_bricks":1653,"minecraft:mossy_cobblestone":17,"minecraft:diamond_block":28,"minecraft:oak_slab":6,"minecraft:infested_chiseled_stone_bricks":9,"minecraft:dark_prismarine_slab":6,"minecraft:tnt":375,"minecraft:light_blue_wool":35,"minecraft:birch_sign":2,"minecraft:campfire":12,"minecraft:light_gray_concrete_powder":3,"minecraft:stone_brick_wall":465,"minecraft:cake":1,"minecraft:redstone_torch":78,"minecraft:oak_log":5,"minecraft:black_wool":54926,"minecraft:firework_rocket":15,"minecraft:acacia_sign":1,"minecraft:command_block":6,"minecraft:birch_slab":14,"minecraft:oak_button":1,"minecraft:cyan_carpet":1,"minecraft:lectern":5,"minecraft:stone_slab":19,"minecraft:iron_door":10,"minecraft:spruce_sapling":12,"minecraft:gravel":70,"minecraft:blue_carpet":181,"minecraft:chiseled_stone_bricks":1,"minecraft:jungle_sign":1,"minecraft:cobblestone":2647,"minecraft:andesite":353,"minecraft:white_stained_glass":17,"minecraft:lapis_block":99,"minecraft:bucket":116,"minecraft:chain":2,"minecraft:wither_rose":2,"minecraft:smooth_stone_slab":155,"minecraft:end_portal_frame":6,"minecraft:white_concrete":13,"minecraft:bone_meal":13,"minecraft:smooth_stone":504,"minecraft:cobweb":4},"minecraft:custom":{"minecraft:leave_game":327,"minecraft:time_since_death":2444466,"minecraft:sprint_one_cm":2785715,"minecraft:walk_one_cm":25375951,"minecraft:drop":74,"minecraft:deaths":15,"minecraft:sneak_time":1779335,"minecraft:walk_under_water_one_cm":8774,"minecraft:jump":29766,"minecraft:walk_on_water_one_cm":24469,"minecraft:play_one_minute":24726175,"minecraft:time_since_rest":2444513,"minecraft:damage_taken":650,"minecraft:damage_dealt":286,"minecraft:swim_one_cm":1745,"minecraft:fly_one_cm":173278757,"minecraft:open_chest":17,"minecraft:crouch_one_cm":2081411,"minecraft:aviate_one_cm":1144339,"minecraft:fall_one_cm":2283},"minecraft:mined":{"minecraft:white_bed":7,"minecraft:yellow_bed":7},"minecraft:picked_up":{"minecraft:spruce_leaves":7,"minecraft:wheat":22,"minecraft:azure_bluet":1,"minecraft:redstone_block":76,"minecraft:ladder":3,"minecraft:oak_stairs":349,"minecraft:acacia_button":1,"minecraft:brewing_stand":1,"minecraft:cornflower":11,"minecraft:oak_trapdoor":2,"minecraft:beetroot":1,"minecraft:cobblestone_slab":2,"minecraft:redstone_torch":12,"minecraft:poppy":21,"minecraft:lectern":1,"minecraft:stick":4,"minecraft:oak_door":16,"minecraft:oak_fence":3,"minecraft:torch":208,"minecraft:carrot":93,"minecraft:beetroot_seeds":7,"minecraft:white_terracotta":74,"minecraft:skeleton_skull":2,"minecraft:cobblestone":241,"minecraft:oxeye_daisy":13,"minecraft:stripped_oak_log":13,"minecraft:dark_oak_button":1,"minecraft:water_bucket":1,"minecraft:potato":95,"minecraft:oak_log":150,"minecraft:cobblestone_stairs":11,"minecraft:cobblestone_wall":2,"minecraft:map":2,"minecraft:dirt":413,"minecraft:lantern":13,"minecraft:apple":17,"minecraft:wheat_seeds":105,"minecraft:bell":6,"minecraft:iron_ingot":5,"minecraft:spruce_wood":5,"minecraft:dark_oak_sign":1,"minecraft:oak_planks":386,"minecraft:book":1,"minecraft:oak_slab":24,"minecraft:chiseled_stone_bricks":1,"minecraft:oak_pressure_plate":1,"minecraft:dandelion":22,"minecraft:white_bed":3,"minecraft:grass_block":1,"minecraft:green_carpet":1,"minecraft:mossy_cobblestone":28,"minecraft:yellow_carpet":2,"minecraft:diamond":1,"minecraft:spruce_sign":4,"minecraft:emerald":5,"minecraft:bread":11,"minecraft:terracotta":1,"minecraft:oak_sapling":13,"minecraft:bricks":1}},"DataVersion":2580}